username,email
alex,alex@test.com
ashley,ashley@test.com
chris,chris@test.com
devin,devin@test.com
eric,eric@test.com
goetz,goetz@test.com
john,john@test.com
jonathan,jonathan@test.com
joe,joe@test.com
kawika,kawika@test.com
mark,mark@test.com
matt,matt@test.com
melissa,melissa@test.com
ryan,ryan@test.com
sam,sam@@test.com
stephan,stephan@test.com
tony,tony@test.com